Wall time,Step,Value
1591336671.410821,0,0.7835373282432556
1591337045.323482,1,0.8070554137229919
1591337418.857949,2,0.8135349154472351
1591337791.575995,3,0.828413724899292
1591338165.089682,4,0.83657306432724
