Wall time,Step,Value
1591336671.410584,0,0.6728318333625793
1591337045.323261,1,0.6112796068191528
1591337418.857711,2,0.5795972347259521
1591337791.575745,3,0.5526213645935059
1591338165.089441,4,0.5322748422622681
